{"0": 1.4863533535390858, "1": 1.4863533535390858, "2": 1.485, "3": 1.482, "4": 1.4801486949267402, "5": 1.477, "6": 1.4739239608115848, "7": 1.4676790019130246, "8": 1.4614136679551004, "9": 1.4551278076885177, "10": 1.4488212689148472, "11": 1.442493898513029, "12": 1.4361455424683205, "13": 1.423385253114869, "14": 1.4169730076060605, "15": 1.4040835287396676, "16": 1.3911063431455015, "17": 1.3845844619479186, "18": 1.3714733214651242, "19": 1.3582712704396773, "20": 1.3449770173282691, "21": 1.3248599292596415, "22": 1.3113295146238477, "23": 1.2977023822105078, "24": 1.277077554313736, "25": 1.263203087062155, "26": 1.2422014489805604, "27": 1.2280720005029226, "28": 1.2066824511504939, "29": 1.1850552542756476, "30": 1.1631871249015495, "31": 1.1484730883258536, "32": 1.1261973144150061, "33": 1.1036742507200517, "34": 1.080902790667276, "35": 1.0578827887309263, "36": 1.0346152781229219, "37": 1.011102730909338, "38": 0.9873493686257946, "39": 0.963361532924244, "40": 0.9472436556293693, "41": 0.9228863172793704, "42": 0.8983254156141144, "43": 0.8735795367461393, "44": 0.8569909438856788, "45": 0.8319921614033559, "46": 0.8068852776781824, "47": 0.7901078089432656, "48": 0.7733157109338437, "49": 0.7481377679426602, "50": 0.7313882912328232, "51": 0.7146942110212086, "52": 0.6980818328948989, "53": 0.6815808120519848, "54": 0.6652244794583625, "55": 0.6490501762998105, "56": 0.6410441337836058, "57": 0.6252224804990958, "58": 0.6096959084408442, "59": 0.6020599093162928, "60": 0.5870786198856786, "61": 0.5797487892099735, "62": 0.5654519332879112, "63": 0.558502379921107, "64": 0.5516975985916244, "65": 0.5450471201586785, "66": 0.5322486357883296, "67": 0.5261210635069484, "68": 0.5201886037012929, "69": 0.5144619852356056, "70": 0.5089520697096794, "71": 0.5036698018706802, "72": 0.4986261537291867, "73": 0.4938320624457872, "74": 0.4892983622189264, "75": 0.4850357105921053, "76": 0.4810545098045222, "77": 0.47736482402825653, "78": 0.475, "79": 0.47397629355873033, "80": 0.47089804724331247, "81": 0.46813861463384604, "82": 0.46570583951962113, "83": 0.46360679662460064, "84": 0.4618477133244902, "85": 0.461, "86": 0.46043389824449127, "87": 0.4593696785307802, "88": 0.45865834744344036, "89": 0.45830212369860235, "90": 0.4583, "91": 0.45830212369860274, "92": 0.45865834744344036, "93": 0.45936967853078026, "94": 0.46043389824449127, "95": 0.461, "96": 0.46184771332449065, "97": 0.46360679662460064, "98": 0.46570583951961725, "99": 0.4681386146338466, "100": 0.4708980472433125, "101": 0.4739762935587304, "102": 0.476, "103": 0.47736482402825653, "104": 0.48105450980452225, "105": 0.4850357105921054, "106": 0.4892983622189269, "107": 0.49383206244578726, "108": 0.4986261537291868, "109": 0.5036698018706803, "110": 0.5089520697096799, "111": 0.5144619852356056, "112": 0.5201886037012929, "113": 0.5261210635069485, "114": 0.5322486357883297, "115": 0.5385607677824876, "116": 0.5516975985916248, "117": 0.5585023799211078, "118": 0.5654519332879085, "119": 0.5725370366642692, "120": 0.5870786198856787, "121": 0.594518292745787, "122": 0.6096959084408443, "123": 0.6174190639523063, "124": 0.6330995878264344, "125": 0.6490501762998107, "126": 0.6571120745440089, "127": 0.6733823238310286, "128": 0.6898154096755275, "129": 0.7063760380183322, "130": 0.7230327572363061, "131": 0.7397576269250028, "132": 0.7565258982884855, "133": 0.7817125833671148, "134": 0.79849934444095, "135": 0.8152638204435901, "136": 0.8403389438792185, "137": 0.8652937227221709, "138": 0.88184737202663, "139": 0.9065339485236329, "140": 0.931028837958314, "141": 0.9553149379785774, "142": 0.9713830392508588, "143": 0.9952935699652132, "144": 1.0189672521332822, "145": 1.0423984961384694, "146": 1.0655837016065612, "147": 1.0885209079273506, "148": 1.1112095014549874, "149": 1.1336499703644554, "150": 1.1558436995335932, "151": 1.1705034579995843, "152": 1.1922909357631466, "153": 1.2138385335939381, "154": 1.2351496570112186, "155": 1.249227520093099, "156": 1.2701528821317816, "157": 1.283977257766061, "158": 1.3045281180758201, "159": 1.3181067315663895, "160": 1.33158926857079, "161": 1.3516357499778713, "162": 1.3648837404122451, "163": 1.3780401749550852, "164": 1.391106343145502, "165": 1.3976059788178194, "166": 1.4105391521317718, "167": 1.423385253114869, "168": 1.429776045903841, "169": 1.442493898513029, "170": 1.4488212689148472, "171": 1.455127807688518, "172": 1.4614136679551009, "173": 1.4676790019130246, "174": 1.4739239608115846, "175": 1.478, "176": 1.4801486949267402, "177": 1.483, "178": 1.485, "179": 1.4863533535390858, "180": 1.4863533535390858}