{"0.8230519196481988": 1.4863533535390858, "5.061652173737836": 1.4770232065300377, "7.121106239648054": 1.4676475688854147, "8.714915514535248": 1.4582259317070823, "10.066880073445777": 1.448757781139211, "11.264554848400811": 1.4392425985582828, "12.353028743363671": 1.429679860790447, "13.359145928234147": 1.4200690403587786, "14.30042153412274": 1.410409605763242, "15.189034718716025": 1.400701021796392, "16.033861879133486": 1.3909427498981342, "16.841611173580887": 1.3811342485531515, "17.61750079550246": 1.3712749737349437, "18.36568699890144": 1.361364379400762, "19.08954623519386": 1.3514019180421326, "19.791867932669646": 1.3413870412960656, "20.474990258025457": 1.331319200622525, "21.14089821937803": 1.321197848054225, "21.79129615368177": 1.3110224370253947, "22.427662341098372": 1.3007924232867263, "23.051290868569353": 1.2905072659144177, "23.663324217430166": 1.2801664284219068, "24.264778985251706": 1.26976937998372, "24.856566447076787": 1.2593155967816885, "25.439509184091342": 1.2488045634847582, "26.01435467850819": 1.2382357748746287, "26.58178654218537": 1.227608737630607, "27.142433881471437": 1.2169229722882726, "27.696879181280647": 1.2061780153879273, "28.245665003735482": 1.1953734218302539, "28.7892997316176": 1.1845087674582397, "29.328262537996032": 1.1735836518861693, "29.863007726340694": 1.1625977015984301, "30.393968557069506": 1.1515505733429623, "30.92156065459769": 1.140441957846494, "31.446185071954858": 1.1292715838811958, "31.968231076737926": 1.1180392227151335, "32.48807871171325": 1.106744692981854, "33.00610117512593": 1.095387866007701, "33.52266705923663": 1.083968671638968, "34.038142480416745": 1.0724871046148323, "34.552893130015875": 1.0609432315361587, "35.067286271950984": 1.0493371984847857, "35.581692710387166": 1.0376692393527482, "36.09648874885197": 1.0259396849461757, "36.612058160541594": 1.0141489729342388, "37.12879418834903": 1.0022976587196193, "37.647101592199824": 0.99038642731346, "38.167398760552494": 0.9784161063047052, "38.690119902353345": 0.9663876800210871, "39.2157173352675": 0.9543023049867861, "39.74466388558952": 0.942161326789927, "40.27745541479915": 0.9299662984815332, "40.814613487212775": 0.9177190006362549, "41.356688192503576": 0.9054214632140324, "41.904261135940445": 0.893075989370632, "42.457948607915306": 0.88068518137359, "43.01840494256748": 0.8682519687881556, "43.586326072909934": 0.8557796391050293, "44.1624532866387": 0.8432718709875778, "44.747577182529206": 0.8307327703201999, "45.34254182172761": 0.8181669092407916, "45.94824906101128": 0.8055793683380571, "46.56566304583477": 0.7929757821873066, "47.195814829255966": 0.7803623883851671, "47.839807068136324": 0.7677460802223152, "48.49881872973857": 0.7551344631018572, "49.17410971935388": 0.7425359147665334, "49.86702531215971": 0.729959649337383, "50.57900023939193": 0.7174157850859366, "51.31156223935857": 0.7049154157569063, "52.066334837146144": 0.6924706851233996, "52.84503906254334": 0.6800948642858443, "53.64949375350608": 0.6678024310124107, "54.481614022654654": 0.6556091501553537, "55.34340738782643": 0.6435321538569486, "56.236966986665564": 0.6315900198733259, "57.16446121315094": 0.619802845888275, "58.128119036371956": 0.608192317158325, "59.13021019678181": 0.5967817642250907, "60.173019433708276": 0.5855962067577037, "61.258813894701554": 0.5746623788625769, "62.38980293074618": 0.5640087304485338, "63.56808961333238": 0.5536653985075014, "64.79561354426765": 0.5436641415306972, "66.07408489169264": 0.5340382298178604, "67.40491009761364": 0.524822284268108, "68.78911037647761": 0.5160520565053706, "70.22723495841164": 0.5077641440443805, "71.71927199850055": 0.49999563580232764, "73.26456111658646": 0.4927836857408686, "74.86171255416062": 0.48616501586239136, "76.50853880052125": 0.4801753541666451, "78.20200508260376": 0.4748488183461685, "79.93820515238797": 0.47021726164030403, "81.71236818176715": 0.4663096028779319, "83.51890118527304": 0.46315116766529973, "85.35146923472804": 0.46076307117912, "87.20311293756238": 0.45916167439636985, "89.0663994932959": 0.45835814428789157, "90.93360050670411": 0.45835814428789157, "92.79688706243765": 0.45916167439636985, "94.64853076527197": 0.46076307117912, "96.481098814727": 0.4631511676653002, "98.28763181823288": 0.4663096028779324, "100.06179484761206": 0.4702172616403041, "101.79799491739627": 0.47484881834616854, "103.49146119947875": 0.4801753541666459, "105.13828744583944": 0.4861650158623914, "106.73543888341356": 0.4927836857408691, "108.28072800149947": 0.49999563580232814, "109.7727650415884": 0.5077641440443805, "111.21088962352238": 0.5160520565053716, "112.59508990238639": 0.5248222842681081, "113.92591510830736": 0.5340382298178613, "115.20438645573236": 0.5436641415306976, "116.43191038666765": 0.5536653985075015, "117.6101970692538": 0.5640087304485347, "118.74118610529847": 0.5746623788625769, "119.82698056629175": 0.5855962067577037, "120.86978980321821": 0.5967817642250908, "121.87188096362803": 0.6081923171583254, "122.83553878684909": 0.6198028458882751, "123.76303301333445": 0.631590019873326, "124.65659261217357": 0.6435321538569492, "125.51838597734542": 0.6556091501553528, "126.35050624649395": 0.6678024310124108, "127.15496093745666": 0.6800948642858449, "127.93366516285388": 0.6924706851233997, "128.6884377606414": 0.7049154157569071, "129.42099976060817": 0.7174157850859354, "130.1329746878403": 0.7299596493373836, "130.82589028064615": 0.7425359147665335, "131.5011812702614": 0.7551344631018573, "132.16019293186366": 0.767746080222316, "132.80418517074403": 0.7803623883851672, "133.43433695416525": 0.7929757821873068, "134.0517509389888": 0.8055793683380563, "134.65745817827246": 0.8181669092407908, "135.25242281747083": 0.8307327703202, "135.8375467133613": 0.8432718709875782, "136.4136739270901": 0.8557796391050294, "136.9815950574325": 0.8682519687881565, "137.54205139208472": 0.8806851813735901, "138.09573886405954": 0.8930759893706329, "138.64331180749645": 0.9054214632140325, "139.18538651278723": 0.9177190006362552, "139.72254458520086": 0.9299662984815333, "140.2553361144105": 0.9421613267899274, "140.78428266473253": 0.9543023049867861, "141.3098800976467": 0.9663876800210873, "141.8326012394475": 0.9784161063047053, "142.35289840780018": 0.9903864273134604, "142.87120581165098": 1.0022976587196195, "143.38794183945842": 1.014148972934239, "143.90351125114805": 1.0259396849461757, "144.41830728961287": 1.0376692393527485, "144.93271372804904": 1.049337198484786, "145.44710686998414": 1.0609432315361589, "145.96185751958328": 1.0724871046148325, "146.47733294076338": 1.0839686716389685, "146.99389882487412": 1.0953878660077006, "147.51192128828677": 1.1067446929818543, "148.0317689232621": 1.1180392227151337, "148.55381492804517": 1.129271583881196, "149.07843934540233": 1.1404419578464942, "149.60603144293052": 1.1515505733429625, "150.1369922736593": 1.1625977015984301, "150.671737462004": 1.1735836518861693, "151.2107002683824": 1.1845087674582397, "151.75433499626453": 1.195373421830254, "152.30312081871938": 1.2061780153879273, "152.85756611852855": 1.2169229722882728, "153.41821345781466": 1.227608737630607, "153.9856453214918": 1.2382357748746289, "154.56049081590868": 1.2488045634847582, "155.14343355292323": 1.2593155967816887, "155.7352210147483": 1.26976937998372, "156.33667578256984": 1.2801664284219068, "156.94870913143066": 1.2905072659144177, "157.57233765890163": 1.3007924232867263, "158.20870384631823": 1.3110224370253947, "158.859101780622": 1.3211978480542252, "159.52500974197454": 1.331319200622525, "160.20813206733038": 1.3413870412960658, "160.91045376480616": 1.3514019180421326, "161.63431300109858": 1.3613643794007622, "162.38249920449755": 1.3712749737349437, "163.1583888264191": 1.3811342485531517, "163.96613812086653": 1.3909427498981342, "164.81096528128398": 1.4007010217963922, "165.69957846587727": 1.410409605763242, "166.64085407176586": 1.4200690403587788,